Title,Price
Not Found,Not Found
Not Found,Not Found
Not Found,Not Found
Not Found,Not Found
Not Found,Not Found
Not Found,Not Found
Not Found,Not Found
Not Found,Not Found
Not Found,Not Found
Not Found,Not Found
Not Found,Not Found
Not Found,Not Found
Not Found,Not Found
Not Found,Not Found
Not Found,Not Found
Not Found,Not Found
Not Found,Not Found
Not Found,Not Found
Not Found,Not Found
Not Found,Not Found
Not Found,Not Found
Not Found,Not Found
Not Found,Not Found
Not Found,Not Found
Not Found,Not Found
Not Found,Not Found
Not Found,Not Found
Not Found,Not Found
Not Found,Not Found
Not Found,Not Found
Not Found,Not Found
Not Found,Not Found
Not Found,Not Found
Not Found,Not Found
Not Found,Not Found
Not Found,Not Found
Not Found,Not Found
Not Found,Not Found
Not Found,Not Found
Not Found,Not Found
Not Found,Not Found
Not Found,Not Found
Not Found,Not Found
Not Found,Not Found
Not Found,Not Found
Not Found,Not Found
Not Found,Not Found
Not Found,Not Found
Not Found,Not Found
Not Found,Not Found
Not Found,Not Found
Not Found,Not Found
Not Found,Not Found
Not Found,Not Found
Not Found,Not Found
Not Found,Not Found
Not Found,Not Found
Not Found,Not Found
Not Found,Not Found
Not Found,Not Found
Not Found,Not Found
Not Found,Not Found
Not Found,Not Found
Not Found,Not Found
Not Found,Not Found
Not Found,Not Found
Not Found,Not Found
Not Found,Not Found
Not Found,Not Found
Not Found,Not Found
Not Found,Not Found
Not Found,Not Found
Not Found,Not Found
Not Found,Not Found
Not Found,Not Found
Not Found,Not Found
Not Found,Not Found
Not Found,Not Found
Not Found,Not Found
Not Found,Not Found
Not Found,Not Found
Not Found,Not Found
Not Found,Not Found
Not Found,Not Found
Not Found,Not Found
Not Found,Not Found
Not Found,Not Found
Not Found,Not Found
Not Found,Not Found
Not Found,Not Found
Not Found,Not Found
Not Found,Not Found
Not Found,Not Found
Not Found,Not Found
Not Found,Not Found
Not Found,Not Found
Not Found,Not Found
Not Found,Not Found
Not Found,Not Found
Not Found,Not Found
Not Found,Not Found
Not Found,Not Found
Not Found,Not Found
Not Found,Not Found
Not Found,Not Found
Not Found,Not Found
Not Found,Not Found
Not Found,Not Found
Not Found,Not Found
Not Found,Not Found
Not Found,Not Found
Not Found,Not Found
Not Found,Not Found
Not Found,Not Found
Not Found,Not Found
Not Found,Not Found
Not Found,Not Found
Not Found,Not Found
Not Found,Not Found
Not Found,Not Found
Not Found,Not Found
Not Found,Not Found
Not Found,Not Found
Not Found,Not Found
Not Found,Not Found
Not Found,Not Found
Not Found,Not Found
Not Found,Not Found
Not Found,Not Found
Not Found,Not Found
Not Found,Not Found
Not Found,Not Found
Not Found,Not Found
Not Found,Not Found
Not Found,Not Found
Not Found,Not Found
Not Found,Not Found
Not Found,Not Found
Not Found,Not Found
Not Found,Not Found
Not Found,Not Found
Not Found,Not Found
Not Found,Not Found
Not Found,Not Found
Not Found,Not Found
Not Found,Not Found
Not Found,Not Found
Not Found,Not Found
Not Found,Not Found
Not Found,Not Found
Not Found,Not Found
Not Found,Not Found
Not Found,Not Found
Not Found,Not Found
Not Found,Not Found
Not Found,Not Found
Not Found,Not Found
Not Found,Not Found
Not Found,Not Found
Not Found,Not Found
Not Found,Not Found
Not Found,Not Found
Not Found,Not Found
Not Found,Not Found
Not Found,Not Found
Not Found,Not Found
Not Found,Not Found
Not Found,Not Found
Not Found,Not Found
Not Found,Not Found
Not Found,Not Found
Not Found,Not Found
Not Found,Not Found
Not Found,Not Found
Not Found,Not Found
Not Found,Not Found
Not Found,Not Found
Not Found,Not Found
Not Found,Not Found
Not Found,Not Found
Not Found,Not Found
Not Found,Not Found
Not Found,Not Found
Not Found,Not Found
Not Found,Not Found
Not Found,Not Found
Not Found,Not Found
Not Found,Not Found
Not Found,Not Found
Not Found,Not Found
Not Found,Not Found
Not Found,Not Found
Not Found,Not Found
Not Found,Not Found
Not Found,Not Found
Not Found,Not Found
Not Found,Not Found
Not Found,Not Found
Not Found,Not Found
Not Found,Not Found
Not Found,Not Found
Not Found,Not Found
Not Found,Not Found
Not Found,Not Found
Not Found,Not Found
Not Found,Not Found
Not Found,Not Found
Not Found,Not Found
Not Found,Not Found
Not Found,Not Found
Not Found,Not Found
Not Found,Not Found
Not Found,Not Found
Not Found,Not Found
Not Found,Not Found
Not Found,Not Found
Not Found,Not Found
Not Found,Not Found
Not Found,Not Found
Not Found,Not Found
Not Found,Not Found
Not Found,Not Found
Not Found,Not Found
Not Found,Not Found
Not Found,Not Found
Not Found,Not Found
Not Found,Not Found
Not Found,Not Found
Not Found,Not Found
Not Found,Not Found
Not Found,Not Found
Not Found,Not Found
Not Found,Not Found
Not Found,Not Found
Not Found,Not Found
Not Found,Not Found
Not Found,Not Found
Not Found,Not Found
Not Found,Not Found
Not Found,Not Found
Not Found,Not Found
Not Found,Not Found
Not Found,Not Found
Not Found,Not Found
Not Found,Not Found
Not Found,Not Found
Not Found,Not Found
Not Found,Not Found
Not Found,Not Found
Not Found,Not Found
Not Found,Not Found
Not Found,Not Found
Not Found,Not Found
Not Found,Not Found
Not Found,Not Found
Not Found,Not Found
Not Found,Not Found
Not Found,Not Found
Not Found,Not Found
Not Found,Not Found
Not Found,Not Found
Not Found,Not Found
Not Found,Not Found
Not Found,Not Found
Not Found,Not Found
Not Found,Not Found
Not Found,Not Found
Not Found,Not Found
Not Found,Not Found
Not Found,Not Found
Not Found,Not Found
Not Found,Not Found
Not Found,Not Found
Not Found,Not Found
Not Found,Not Found
Not Found,Not Found
Not Found,Not Found
Not Found,Not Found
Not Found,Not Found
Not Found,Not Found
Not Found,Not Found
Not Found,Not Found
Not Found,Not Found
Not Found,Not Found
Not Found,Not Found
Not Found,Not Found
Not Found,Not Found
Not Found,Not Found
Not Found,Not Found
Not Found,Not Found
Not Found,Not Found
Not Found,Not Found
Not Found,Not Found
Not Found,Not Found
Not Found,Not Found
Not Found,Not Found
Not Found,Not Found
Not Found,Not Found
Not Found,Not Found
Not Found,Not Found
Not Found,Not Found
Not Found,Not Found
Not Found,Not Found
Not Found,Not Found
Not Found,Not Found
Not Found,Not Found
Not Found,Not Found
Not Found,Not Found
Not Found,Not Found
Not Found,Not Found
Not Found,Not Found
Not Found,Not Found
Not Found,Not Found
Not Found,Not Found
Not Found,Not Found
Not Found,Not Found
Not Found,Not Found
Not Found,Not Found
Not Found,Not Found
Not Found,Not Found
Not Found,Not Found
Not Found,Not Found
Not Found,Not Found
Not Found,Not Found
Not Found,Not Found
Not Found,Not Found
Not Found,Not Found
Not Found,Not Found
Not Found,Not Found
Not Found,Not Found
Not Found,Not Found
Not Found,Not Found
Not Found,Not Found
Not Found,Not Found
Not Found,Not Found
Not Found,Not Found
Not Found,Not Found
Not Found,Not Found
Not Found,Not Found
Not Found,Not Found
Not Found,Not Found
Not Found,Not Found
Not Found,Not Found
Not Found,Not Found
Not Found,Not Found
Not Found,Not Found
Not Found,Not Found
Not Found,Not Found
Not Found,Not Found
Not Found,Not Found
Not Found,Not Found
Not Found,Not Found
Not Found,Not Found
Not Found,Not Found
Not Found,Not Found
Not Found,Not Found
Not Found,Not Found
Not Found,Not Found
Not Found,Not Found
Not Found,Not Found
Not Found,Not Found
Not Found,Not Found
Not Found,Not Found
Not Found,Not Found
Not Found,Not Found
Not Found,Not Found
Not Found,Not Found
Not Found,Not Found
Not Found,Not Found
Not Found,Not Found
Not Found,Not Found
Not Found,Not Found
Not Found,Not Found
Not Found,Not Found
Not Found,Not Found
Not Found,Not Found
Not Found,Not Found
Not Found,Not Found
Not Found,Not Found
Not Found,Not Found
Not Found,Not Found
Not Found,Not Found
Not Found,Not Found
Not Found,Not Found
Not Found,Not Found
Not Found,Not Found
Not Found,Not Found
Not Found,Not Found
Not Found,Not Found
Not Found,Not Found
Not Found,Not Found
Not Found,Not Found
Not Found,Not Found
Not Found,Not Found
Not Found,Not Found
Not Found,Not Found
Not Found,Not Found
Not Found,Not Found
Not Found,Not Found
Not Found,Not Found
Not Found,Not Found
Not Found,Not Found
Not Found,Not Found
Not Found,Not Found
Not Found,Not Found
Not Found,Not Found
Not Found,Not Found
Not Found,Not Found
Not Found,Not Found
Not Found,Not Found
Not Found,Not Found
Not Found,Not Found
Not Found,Not Found
Not Found,Not Found
Not Found,Not Found
Not Found,Not Found
Not Found,Not Found
Not Found,Not Found
Not Found,Not Found
Not Found,Not Found
Not Found,Not Found
Not Found,Not Found
Not Found,Not Found
Not Found,Not Found
Not Found,Not Found
Not Found,Not Found
Not Found,Not Found
Not Found,Not Found
Not Found,Not Found
Not Found,Not Found
Not Found,Not Found
Not Found,Not Found
Not Found,Not Found
Not Found,Not Found
Not Found,Not Found
Not Found,Not Found
Not Found,Not Found
Not Found,Not Found
Not Found,Not Found
Not Found,Not Found
Not Found,Not Found
Not Found,Not Found
Not Found,Not Found
Not Found,Not Found
Not Found,Not Found
Not Found,Not Found
Not Found,Not Found
Not Found,Not Found
Not Found,Not Found
Not Found,Not Found
Not Found,Not Found
Not Found,Not Found
Not Found,Not Found
Not Found,Not Found
Not Found,Not Found
Not Found,Not Found
Not Found,Not Found
Not Found,Not Found
Not Found,Not Found
Not Found,Not Found
Not Found,Not Found
Not Found,Not Found
Not Found,Not Found
Not Found,Not Found
Not Found,Not Found
Not Found,Not Found
Not Found,Not Found
Not Found,Not Found
Not Found,Not Found
Not Found,Not Found
Not Found,Not Found
Not Found,Not Found
Not Found,Not Found
Not Found,Not Found
Not Found,Not Found
Not Found,Not Found
Not Found,Not Found
Not Found,Not Found
Not Found,Not Found
Not Found,Not Found
Not Found,Not Found
Not Found,Not Found
Not Found,Not Found
Not Found,Not Found
Not Found,Not Found
Not Found,Not Found
Not Found,Not Found
Not Found,Not Found
Not Found,Not Found
Not Found,Not Found
Not Found,Not Found
Not Found,Not Found
Not Found,Not Found
Not Found,Not Found
Not Found,Not Found
Not Found,Not Found
Not Found,Not Found
Not Found,Not Found
Not Found,Not Found
Not Found,Not Found
Not Found,Not Found
Not Found,Not Found
Not Found,Not Found
Not Found,Not Found
Not Found,Not Found
Not Found,Not Found
Not Found,Not Found
Not Found,Not Found
Not Found,Not Found
Not Found,Not Found
Not Found,Not Found
Not Found,Not Found
Not Found,Not Found
Not Found,Not Found
Not Found,Not Found
Not Found,Not Found
Not Found,Not Found
Not Found,Not Found
Not Found,Not Found
Not Found,Not Found
Not Found,Not Found
Not Found,Not Found
Not Found,Not Found
Not Found,Not Found
Not Found,Not Found
Not Found,Not Found
Not Found,Not Found
Not Found,Not Found
Not Found,Not Found
Not Found,Not Found
Not Found,Not Found
Not Found,Not Found
Not Found,Not Found
Not Found,Not Found
Not Found,Not Found
Not Found,Not Found
Not Found,Not Found
Not Found,Not Found
Not Found,Not Found
Not Found,Not Found
Not Found,Not Found
Not Found,Not Found
Not Found,Not Found
Not Found,Not Found
Not Found,Not Found
Not Found,Not Found
Not Found,Not Found
Not Found,Not Found
Not Found,Not Found
Not Found,Not Found
Not Found,Not Found
Not Found,Not Found
Not Found,Not Found
Not Found,Not Found
Not Found,Not Found
Not Found,Not Found
Not Found,Not Found
Not Found,Not Found
Not Found,Not Found
Not Found,Not Found
Not Found,Not Found
Not Found,Not Found
Not Found,Not Found
Not Found,Not Found
Not Found,Not Found
Not Found,Not Found
Not Found,Not Found
Not Found,Not Found
Not Found,Not Found
Not Found,Not Found
Not Found,Not Found
Not Found,Not Found
Not Found,Not Found
Not Found,Not Found
Not Found,Not Found
Not Found,Not Found
Not Found,Not Found
Not Found,Not Found
Not Found,Not Found
Not Found,Not Found
Not Found,Not Found
Not Found,Not Found
Not Found,Not Found
Not Found,Not Found
Not Found,Not Found
Not Found,Not Found
Not Found,Not Found
Not Found,Not Found
Not Found,Not Found
Not Found,Not Found
Not Found,Not Found
Not Found,Not Found
Not Found,Not Found
Not Found,Not Found
Not Found,Not Found
Not Found,Not Found
Not Found,Not Found
Not Found,Not Found
Not Found,Not Found
Not Found,Not Found
Not Found,Not Found
Not Found,Not Found
Not Found,Not Found
Not Found,Not Found
Not Found,Not Found
Not Found,Not Found
Not Found,Not Found
Not Found,Not Found
Not Found,Not Found
Not Found,Not Found
Not Found,Not Found
Not Found,Not Found
Not Found,Not Found
Not Found,Not Found
Not Found,Not Found
Not Found,Not Found
Not Found,Not Found
Not Found,Not Found
Not Found,Not Found
Not Found,Not Found
Not Found,Not Found
Not Found,Not Found
Not Found,Not Found
Not Found,Not Found
Not Found,Not Found
Not Found,Not Found
Not Found,Not Found
Not Found,Not Found
Not Found,Not Found
Not Found,Not Found
Not Found,Not Found
Not Found,Not Found
Not Found,Not Found
Not Found,Not Found
Not Found,Not Found
Not Found,Not Found
Not Found,Not Found
Not Found,Not Found
Not Found,Not Found
Not Found,Not Found
Not Found,Not Found
Not Found,Not Found
Not Found,Not Found
Not Found,Not Found
Not Found,Not Found
Not Found,Not Found
Not Found,Not Found
Not Found,Not Found
Not Found,Not Found
Not Found,Not Found
Not Found,Not Found
Not Found,Not Found
Not Found,Not Found
Not Found,Not Found
Not Found,Not Found
Not Found,Not Found
Not Found,Not Found
Not Found,Not Found
Not Found,Not Found
Not Found,Not Found
Not Found,Not Found
Not Found,Not Found
Not Found,Not Found
Not Found,Not Found
Not Found,Not Found
Not Found,Not Found
Not Found,Not Found
Not Found,Not Found
Not Found,Not Found
Not Found,Not Found
Not Found,Not Found
Not Found,Not Found
Not Found,Not Found
Not Found,Not Found
Not Found,Not Found
Not Found,Not Found
Not Found,Not Found
Not Found,Not Found
Not Found,Not Found
Not Found,Not Found
Not Found,Not Found
Not Found,Not Found
Not Found,Not Found
Not Found,Not Found
Not Found,Not Found
Not Found,Not Found
Not Found,Not Found
Not Found,Not Found
Not Found,Not Found
Not Found,Not Found
Not Found,Not Found
Not Found,Not Found
Not Found,Not Found
Not Found,Not Found
Not Found,Not Found
Not Found,Not Found
Not Found,Not Found
Not Found,Not Found
Not Found,Not Found
Not Found,Not Found
Not Found,Not Found
Not Found,Not Found
Not Found,Not Found
Not Found,Not Found
Not Found,Not Found
Not Found,Not Found
Not Found,Not Found
Not Found,Not Found
Not Found,Not Found
Not Found,Not Found
Not Found,Not Found
Not Found,Not Found
Not Found,Not Found
Not Found,Not Found
Not Found,Not Found
Not Found,Not Found
Not Found,Not Found
Not Found,Not Found
Not Found,Not Found
Not Found,Not Found
Not Found,Not Found
Not Found,Not Found
Not Found,Not Found
Not Found,Not Found
Not Found,Not Found
Not Found,Not Found
Not Found,Not Found
Not Found,Not Found
Not Found,Not Found
Not Found,Not Found
Not Found,Not Found
Not Found,Not Found
Not Found,Not Found
Not Found,Not Found
Not Found,Not Found
Not Found,Not Found
Not Found,Not Found
Not Found,Not Found
Not Found,Not Found
Not Found,Not Found
Not Found,Not Found
Not Found,Not Found
Not Found,Not Found
Not Found,Not Found
Not Found,Not Found
Not Found,Not Found
Not Found,Not Found
Not Found,Not Found
Not Found,Not Found
Not Found,Not Found
Not Found,Not Found
Not Found,Not Found
Not Found,Not Found
Not Found,Not Found
Not Found,Not Found
Not Found,Not Found
Not Found,Not Found
Not Found,Not Found
Not Found,Not Found
Not Found,Not Found
Not Found,Not Found
Not Found,Not Found
Not Found,Not Found
Not Found,Not Found
Not Found,Not Found
Not Found,Not Found
Not Found,Not Found
Not Found,Not Found
Not Found,Not Found
Not Found,Not Found
Not Found,Not Found
Not Found,Not Found
Not Found,Not Found
Not Found,Not Found
Not Found,Not Found
Not Found,Not Found
Not Found,Not Found
Not Found,Not Found
Not Found,Not Found
Not Found,Not Found
Not Found,Not Found
Not Found,Not Found
Not Found,Not Found
Not Found,Not Found
Not Found,Not Found
Not Found,Not Found
Not Found,Not Found
Not Found,Not Found
Not Found,Not Found
Not Found,Not Found
Not Found,Not Found
Not Found,Not Found
Not Found,Not Found
Not Found,Not Found
Not Found,Not Found
Not Found,Not Found
Not Found,Not Found
Not Found,Not Found
Not Found,Not Found
Not Found,Not Found
Not Found,Not Found
Not Found,Not Found
Not Found,Not Found
Not Found,Not Found
Not Found,Not Found
Not Found,Not Found
Not Found,Not Found
Not Found,Not Found
Not Found,Not Found
Not Found,Not Found
Not Found,Not Found
Not Found,Not Found
Not Found,Not Found
Not Found,Not Found
Not Found,Not Found
Not Found,Not Found
Not Found,Not Found
Not Found,Not Found
Not Found,Not Found
Not Found,Not Found
Not Found,Not Found
Not Found,Not Found
Not Found,Not Found
Not Found,Not Found
Not Found,Not Found
Not Found,Not Found
Not Found,Not Found
Not Found,Not Found
Not Found,Not Found
Not Found,Not Found
Not Found,Not Found
Not Found,Not Found
Not Found,Not Found
Not Found,Not Found
Not Found,Not Found
Not Found,Not Found
Not Found,Not Found
Not Found,Not Found
Not Found,Not Found
Not Found,Not Found
Not Found,Not Found
Not Found,Not Found
Not Found,Not Found
Not Found,Not Found
Not Found,Not Found
Not Found,Not Found
Not Found,Not Found
Not Found,Not Found
Not Found,Not Found
Not Found,Not Found
Not Found,Not Found
Not Found,Not Found
Not Found,Not Found
Not Found,Not Found
Not Found,Not Found
Not Found,Not Found
Not Found,Not Found
Not Found,Not Found
Not Found,Not Found
Not Found,Not Found
Not Found,Not Found
Not Found,Not Found
Not Found,Not Found
Not Found,Not Found
Not Found,Not Found
Not Found,Not Found
Not Found,Not Found
Not Found,Not Found
Not Found,Not Found
Not Found,Not Found
Not Found,Not Found
Not Found,Not Found
Not Found,Not Found
Not Found,Not Found
Not Found,Not Found
Not Found,Not Found
Not Found,Not Found
Not Found,Not Found
Not Found,Not Found
Not Found,Not Found
Not Found,Not Found
Not Found,Not Found
Not Found,Not Found
Not Found,Not Found
Not Found,Not Found
Not Found,Not Found
Not Found,Not Found
Not Found,Not Found
Not Found,Not Found
Not Found,Not Found
Not Found,Not Found
Not Found,Not Found
Not Found,Not Found
Not Found,Not Found
Not Found,Not Found
Not Found,Not Found
Not Found,Not Found
Not Found,Not Found
Not Found,Not Found
Not Found,Not Found
Not Found,Not Found
Not Found,Not Found
Not Found,Not Found
Not Found,Not Found
Not Found,Not Found
Not Found,Not Found
Not Found,Not Found
Not Found,Not Found
Not Found,Not Found
Not Found,Not Found
Not Found,Not Found
Not Found,Not Found
Not Found,Not Found
Not Found,Not Found
Not Found,Not Found
Not Found,Not Found
Not Found,Not Found
Not Found,Not Found
Not Found,Not Found
Not Found,Not Found
Not Found,Not Found
Not Found,Not Found
Not Found,Not Found
Not Found,Not Found
Not Found,Not Found
Not Found,Not Found
Not Found,Not Found
Not Found,Not Found
Not Found,Not Found
Not Found,Not Found
Not Found,Not Found
Not Found,Not Found
Not Found,Not Found
Not Found,Not Found
Not Found,Not Found
Not Found,Not Found
Not Found,Not Found
Not Found,Not Found
Not Found,Not Found
Not Found,Not Found
Not Found,Not Found
Not Found,Not Found
Not Found,Not Found
Not Found,Not Found
Not Found,Not Found
Not Found,Not Found
Not Found,Not Found
Not Found,Not Found
Not Found,Not Found
Not Found,Not Found
Not Found,Not Found
Not Found,Not Found
Not Found,Not Found
Not Found,Not Found
Not Found,Not Found
Not Found,Not Found
Not Found,Not Found
Not Found,Not Found
Not Found,Not Found
Not Found,Not Found
Not Found,Not Found
Not Found,Not Found
Not Found,Not Found
Not Found,Not Found
Not Found,Not Found
Not Found,Not Found
Not Found,Not Found
Not Found,Not Found
Not Found,Not Found
Not Found,Not Found
Not Found,Not Found
Not Found,Not Found
Not Found,Not Found
Not Found,Not Found
Not Found,Not Found
Not Found,Not Found
Not Found,Not Found
Not Found,Not Found
Not Found,Not Found
Not Found,Not Found
Not Found,Not Found
Not Found,Not Found
Not Found,Not Found
Not Found,Not Found
Not Found,Not Found
Not Found,Not Found
Not Found,Not Found
Not Found,Not Found
Not Found,Not Found
Not Found,Not Found
Not Found,Not Found
Not Found,Not Found
Not Found,Not Found
Not Found,Not Found
Not Found,Not Found
Not Found,Not Found
Not Found,Not Found
Not Found,Not Found
Not Found,Not Found
Not Found,Not Found
